Nama,Email,Tahun/Tingkatan,Kelas
ADEEB NUR HADI BIN HASBULLAH,m-13658138@moe-dl.edu.my,D6,6 USAHA
AHMAD IMRAN BIN AHMAD HANAFI,m-13658143@moe-dl.edu.my,D6,6 USAHA
AHMAD MIKHAIL BIN MOHD HAFIZ,m-13669425@moe-dl.edu.my,D6,6 JAYA
AIMY ZULAIKHA BINTI KHAIRUL ANUAR,m-13787537@moe-dl.edu.my,D6,6 JAYA
AINA NUR ELLYSHA BINTI AHMAD ISMADI,m-13664809@moe-dl.edu.my,D6,6 JAYA
AINA WAFIYAH BINTI MOHD HAZI MUNIR,m-13664810@moe-dl.edu.my,D6,6 JAYA
AINNUR INSYIRAH BINTI MOHD SYAMSUL ARIFF,m-13664811@moe-dl.edu.my,D6,6 JAYA
ALISHA SAFIYA BINTI MOHD SYAZRIL,m-13664813@moe-dl.edu.my,D6,6 JAYA
AZ-ZAHRAA AMANI BINTI MOHD FITTRI,m-13664814@moe-dl.edu.my,D6,6 JAYA
BIBI MARIAM SAFIYYA BINTI AMIR HAMZA,m-13664818@moe-dl.edu.my,D6,6 JAYA
DHIA SOFEA BINTI MOHAMAD DAIM,m-13664820@moe-dl.edu.my,D6,6 JAYA
HAZMIEY BIN MOHD NORHADI,m-13658206@moe-dl.edu.my,D6,6 USAHA
HULMA NAZEEHAH BINTI MUHD ZUL'ARIF,m-13748933@moe-dl.edu.my,D6,6 USAHA
IMAN NURSAFRINA BINTI MOHAMAD RAHMAN,m-13664823@moe-dl.edu.my,D6,6 JAYA
INSYIRAH AINA BINTI MUHAMAD RASID,m-13852196@moe-dl.edu.my,D6,6 JAYA
IZZ RANIA BINTI MOHAMAD SHAHRUL SUHAILEY,m-13664824@moe-dl.edu.my,D6,6 USAHA
KAMAL MU'IZZUDDIN BIN MOHAMAD HARUN KAMAL,m-13658212@moe-dl.edu.my,D6,6 JAYA
MOHAMMAD ARYAN SYAZANI BIN OTHMAN KHALID,m-13661110@moe-dl.edu.my,D6,6 USAHA
MOHAMMAD FAIQ AL ADZIM BIN FAZLAN,m-13669681@moe-dl.edu.my,D6,6 JAYA
MOHAMMAD RAYYAN BIN YAHYA,m-13661112@moe-dl.edu.my,D6,6 USAHA
MUHAMAD HAZIQ BIN MUHAMAD SYAHMI,m-13661113@moe-dl.edu.my,D6,6 USAHA
MUHAMMAD ADAM ARYAN BIN MOHD NASIR,m-13661116@moe-dl.edu.my,D6,6 USAHA
MUHAMMAD AMIR AL AMIN BIN MOHD AFIF,m-13661122@moe-dl.edu.my,D6,6 USAHA
MUHAMMAD AMMAR FAEEQ BIN MOHD FITRY,m-13661226@moe-dl.edu.my,D6,6 USAHA
MUHAMMAD AQIB ANAQI BIN MAZLAN,m-13661229@moe-dl.edu.my,D6,6 USAHA
MUHAMMAD FADHLULLAH SYAWAL BIN MOHD DAUD,m-14067459@moe-dl.edu.my,D6,6 JAYA
MUHAMMAD FAHIM A'DIL BIN AHMAD FAQIH,m-13661231@moe-dl.edu.my,D6,6 USAHA
MUHAMMAD FARIS BIN MOHD FARID,m-13665363@moe-dl.edu.my,D6,6 JAYA
MUHAMMAD FIRDAUS BIN MOHD ROSLI,m-13665364@moe-dl.edu.my,D6,6 JAYA
MUHAMMAD FIRDAUS MUSYAFFA BIN ARBAIN,m-13665365@moe-dl.edu.my,D6,6 USAHA
MUHAMMAD HAQEEF BIN MOHD HAFIZAD,m-13742894@moe-dl.edu.my,D6,6 JAYA
MUHAMMAD HARITH RAYQAL BIN ZAINUDDIN,m-13665526@moe-dl.edu.my,D6,6 USAHA
MUHAMMAD HIJJAZ AIMAN BIN AMIRUDIN,m-13665527@moe-dl.edu.my,D6,6 USAHA
MUHAMMAD IRFAN BIN ABDUL LATIF,m-15702455@moe-dl.edu.my,D6,6 JAYA
MUHAMMAD KHALIS NAUFAL BIN KAMARULARIFF,m-13665528@moe-dl.edu.my,D6,6 JAYA
MUHAMMAD SHARIFUDDIN BIN MOHD SALIMI,m-14061988@moe-dl.edu.my,D6,6 JAYA
MUHAMMAD THAQIF BIN TAUFIK,m-13667181@moe-dl.edu.my,D6,6 JAYA
NIK ZARA ARISSA BINTI NIK SHARIMAN,m-13667184@moe-dl.edu.my,D6,6 JAYA
NOR BALQIS ELLYSYAH BINTI YAACOB,m-13852542@moe-dl.edu.my,D6,6 JAYA
NORHADIF DANISH BIN NORHISHAM,m-13667287@moe-dl.edu.my,D6,6 JAYA
NUR AINI NASUHA BINTI MUHAMMAD RASUL,m-13667289@moe-dl.edu.my,D6,6 USAHA
NUR ALEYA MAISARA BINTI NAZRIZAL,m-13667290@moe-dl.edu.my,D6,6 JAYA
NUR AUNI HUMAIRA BINTI MOHD AZNAIRI,m-13667292@moe-dl.edu.my,D6,6 JAYA
NUR DANIA QALIESYA BINTI KHAIRUNIZAN,m-13667294@moe-dl.edu.my,D6,6 JAYA
NUR HAYFA SOFIA BINTI MUHAMMAD HAZIQ,m-13662071@moe-dl.edu.my,D6,6 USAHA
NUR IZYAN ADNIN BINTI MUHAMAD NIZAM,m-13857617@moe-dl.edu.my,D6,6 JAYA
NUR NAWWARAH BINTI MUHAMAD NOR FUAT,m-13662076@moe-dl.edu.my,D6,6 USAHA
NUR QAISARA IRDINA BINTI MOHD NAIM NUR,m-13662078@moe-dl.edu.my,D6,6 USAHA
NUR RAABIYATHUN NAZURAH BINTI MOHAMED NAZIR,m-13662080@moe-dl.edu.my,D6,6 USAHA
NUR RIFAA' FARHANI BINTI MOHD AZRI,m-13662085@moe-dl.edu.my,D6,6 USAHA
NUR SYAZWINA INARAH BINTI SHAH RIZAL,m-13662190@moe-dl.edu.my,D6,6 USAHA
NUR WAFA IMANI BINTI MOHAMAD NOR ASMAWI,m-13662194@moe-dl.edu.my,D6,6 USAHA
NURAINA SOFIA BINTI ABDUL RAHMAN,m-13941621@moe-dl.edu.my,D6,6 JAYA
NURASILAH AUNI QAISARA BINTI ABDUL RAHIM,m-13662199@moe-dl.edu.my,D6,6 USAHA
NURIN ADNI BINTI MOHD NAZIM,m-13662204@moe-dl.edu.my,D6,6 USAHA
NURNADIEHA IMAN BINTI MOHD ZAIDI,m-13662268@moe-dl.edu.my,D6,6 USAHA
NURUL AWFIYAH IZZAH BINTI MOHAMAD NASIR,m-13662945@moe-dl.edu.my,D6,6 USAHA
NURUL IMAN BINTI MUHAMMAD ZULHILMI,m-13663029@moe-dl.edu.my,D6,6 USAHA
NURUL NADHIRAH BINTI ABD BASHAIR,m-13663031@moe-dl.edu.my,D6,6 USAHA
NURUL UMAIRAH BINTI SUHAILI,m-13663033@moe-dl.edu.my,D6,6 JAYA
PUTERI AFINA ELFIRA BINTI MUHAMMAD FARIZ,m-14101427@moe-dl.edu.my,D6,6 JAYA
PUTRI NUR ARYANA BINTI MOHD FAHMI,m-14067506@moe-dl.edu.my,D6,6 JAYA
QAYYUM NAUFAL BIN MUHD SOHAIMI,m-13667561@moe-dl.edu.my,D6,6 JAYA
SHAFFY NELLYNA BINTI SHAHRIZAL,m-13663035@moe-dl.edu.my,D6,6 USAHA
SITI KHADIJAH BINTI RUZMI,m-13663037@moe-dl.edu.my,D6,6 USAHA
WAZEEF ILMAN BIN ZULHAKIM,m-13667688@moe-dl.edu.my,D6,6 JAYA
FAQIHAH AL-AUNI BINTI IMAM BAIHAKI,m-14062892@moe-dl.edu.my,D6,6 JAYA
NUR HAFIZRIN SYAKIRAH BINTI ZANRASIDI,m-13912600@moe-dl.edu.my,D6,6 USAHA
KHOLIDI ASADIL WAIE BIN MAHFUDIN,m-13723851@moe-dl.edu.my,D6,6 USAHA
JAMILAH BINTI AZMI,m-14067887@moe-dl.edu.my,D6,6 USAHA
